{
  "": "",
  "Aberdeen": "Aberdeen",
  "Abidjan": "Abidjan",
  "Abu Dhabi": "Abu Dhabi",
  "Ahmadi": "Ahmadi",
  "Alaska": "Alaska",
  "Anchorage": "Anchorage",
  "Bakersfield": "Bakersfield",
  "Baku": "Baku",
  "Balikpapan": "Balikpapan",
  "Balkanabat": "Balkanabat",
  "Basra": "Basra",
  "Bergen": "Bergen",
  "Bogota": "Bogota",
  "Bradford": "Bradford",
  "Broussard": "Broussard",
  "Cairo": "Cairo",
  "Chengdu": "Chengdu",
  "Ciudad del Carmen": "Ciudad del Carmen",
  "Dammam": "Dammam",
  "Doha": "Doha",
  "Erbil": "Erbil",
  "Fort Morgan": "Fort Morgan",
  "Ft Morgan": "Ft Morgan",
  "Georgetown": "Georgetown",
  "Guatemala": "Guatemala",
  "Hassi Messoud": "Hassi Messoud",
  "Huizhou": "Huizhou",
  "Iquitos": "Iquitos",
  "Islamabad": "Islamabad",
  "Jakarta": "Jakarta",
  "Kemaman": "Kemaman",
  "Korla": "Korla",
  "Korla (Karamay)": "Korla (Karamay)",
  "Labuan": "Labuan",
  "Larnaca": "Larnaca",
  "Larose": "Larose",
  "Luanda": "Luanda",
  "Malabo": "Malabo",
  "Malaysia": "Malaysia",
  "Manama": "Manama",
  "Marmul": "Marmul",
  "Midland": "Midland",
  "Moomba": "Moomba",
  "Muscat": "Muscat",
  "Nagaoka": "Nagaoka",
  "New Iberia": "New Iberia",
  "New Plymouth": "New Plymouth",
  "Nizwa": "Nizwa",
  "Nouakchott": "Nouakchott",
  "Odessa": "Odessa",
  "Paramaribo": "Paramaribo",
  "Paris": "Paris",
  "Perth": "Perth",
  "Pescara": "Pescara",
  "Ploiesti": "Ploiesti",
  "Port Gentil": "Port Gentil",
  "Port Harcourt": "Port Harcourt",
  "Port Moresby": "Port Moresby",
  "Punta Arenas": "Punta Arenas",
  "Reforma": "Reforma",
  "Roma": "Roma",
  "San Fernando": "San Fernando",
  "Santa Cruz": "Santa Cruz",
  "Shenzhen": "Shenzhen",
  "Shpirag": "Shpirag",
  "St. John's": "St. John's",
  "St.Johns": "St.Johns",
  "Stavanger": "Stavanger",
  "Takoradi": "Takoradi",
  "Talara": "Talara",
  "Tengiz": "Tengiz",
  "Udhailiyah": "Udhailiyah",
  "Ventura": "Ventura",
  "Villahermosa": "Villahermosa",
  "Vung Tau": "Vung Tau",
  "Vungtau": "Vungtau",
  "Walvis Bay": "Walvis Bay",
  "Yangon": "Yangon",
  "Yangoon": "Yangon",
  "san Fernando": "san Fernando"
}