{
  "NAM": {
    "label": "North America",
    "subregions": {
      "NAM": {
        "label": "North America",
        "countries": [
          {
            "name": "USA"
          },
          {
            "name": "USA-GOM"
          },
          {
            "name": "USA-Land"
          },
          {
            "name": "Canada"
          }
        ],
        "lat": 40.0,
        "lon": -100.0
      }
    }
  },
  "LAM": {
    "label": "Latin America",
    "subregions": {
      "LAM": {
        "label": "Latin America",
        "countries": [
          {
            "name": "Mexico"
          },
          {
            "name": "Argentina"
          },
          {
            "name": "Brazil"
          },
          {
            "name": "Colombia"
          },
          {
            "name": "Venezuela"
          },
          {
            "name": "Ecuador"
          },
          {
            "name": "Trinidad & Tobago"
          },
          {
            "name": "Guyana"
          },
          {
            "name": "Suriname"
          },
          {
            "name": "Chile"
          },
          {
            "name": "Bolivia"
          },
          {
            "name": "Peru"
          },
          {
            "name": "Guatemala"
          }
        ],
        "lat": -15.0,
        "lon": -60.0
      }
    }
  },
  "Europe & Eurasia": {
    "label": "Europe & Eurasia",
    "subregions": {
      "Europe": {
        "label": "Europe",
        "countries": [
          {
            "name": "United Kingdom"
          },
          {
            "name": "Germany"
          },
          {
            "name": "France"
          },
          {
            "name": "Norway"
          },
          {
            "name": "Italy"
          },
          {
            "name": "Netherlands"
          },
          {
            "name": "Poland"
          },
          {
            "name": "Turkey"
          },
          {
            "name": "Switzerland"
          },
          {
            "name": "Albania"
          },
          {
            "name": "Romania"
          },
          {
            "name": "Cyprus"
          }
        ],
        "lat": 54.0,
        "lon": 15.0
      },
      "Eurasia": {
        "label": "Eurasia",
        "countries": [
          {
            "name": "Russia"
          },
          {
            "name": "Kazakhstan"
          },
          {
            "name": "Azerbaijan"
          },
          {
            "name": "Turkmenistan"
          },
          {
            "name": "Uzbekistan"
          }
        ],
        "lat": 50.0,
        "lon": 70.0
      }
    }
  },
  "MENA": {
    "label": "Middle East & North Africa",
    "subregions": {
      "Middle East": {
        "label": "Middle East",
        "countries": [
          {
            "name": "Saudi Arabia",
            "lat": 23.8859,
            "lon": 45.0792
          },
          {
            "name": "UAE",
            "lat": 23.4241,
            "lon": 53.8478
          },
          {
            "name": "Oman",
            "lat": 21.4735,
            "lon": 55.9754
          },
          {
            "name": "Kuwait",
            "lat": 29.3117,
            "lon": 47.4818
          },
          {
            "name": "Qatar",
            "lat": 25.3548,
            "lon": 51.1839
          },
          {
            "name": "Bahrain",
            "lat": 26.0667,
            "lon": 50.5577
          },
          {
            "name": "Iraq",
            "lat": 33.2232,
            "lon": 43.6793
          },
          {
            "name": "Jordan",
            "lat": 31.24,
            "lon": 36.51
          },
          {
            "name": "Syria",
            "lat": 34.8,
            "lon": 38.99
          },
          {
            "name": "Lebanon",
            "lat": 33.85,
            "lon": 35.86
          },
          {
            "name": "Yemen",
            "lat": 15.55,
            "lon": 48.52
          },
          {
            "name": "Iran",
            "lat": 32.43,
            "lon": 53.69
          }
        ],
        "lat": 25.0,
        "lon": 50.0
      },
      "North Africa": {
        "label": "North Africa",
        "countries": [
          {
            "name": "Egypt",
            "lat": 26.8206,
            "lon": 30.8025
          },
          {
            "name": "Libya",
            "lat": 26.3351,
            "lon": 17.2283
          },
          {
            "name": "Algeria",
            "lat": 28.0339,
            "lon": 1.6596
          },
          {
            "name": "Tunisia",
            "lat": 33.8869,
            "lon": 9.5375
          },
          {
            "name": "Morocco",
            "lat": 31.7917,
            "lon": -7.0926
          }
        ],
        "lat": 28.0,
        "lon": 10.0
      },
      "South Asia": {
        "label": "South Asia",
        "countries": [
          {
            "name": "India",
            "lat": 20.5937,
            "lon": 78.9629
          },
          {
            "name": "Pakistan",
            "lat": 30.3753,
            "lon": 69.3451
          },
          {
            "name": "Sri Lanka",
            "lat": 7.87,
            "lon": 80.77
          },
          {
            "name": "Bangladesh",
            "lat": 23.68,
            "lon": 90.35
          }
        ],
        "lat": 23.0,
        "lon": 77.0
      }
    }
  },
  "Sub-Saharan Africa": {
    "label": "Sub-Saharan Africa",
    "subregions": {
      "Sub-Saharan Africa": {
        "label": "Sub-Saharan Africa",
        "countries": [
          {
            "name": "Nigeria",
            "lat": 9.08,
            "lon": 8.68
          },
          {
            "name": "Angola",
            "lat": -11.2,
            "lon": 17.87
          },
          {
            "name": "Kenya",
            "lat": 0.02,
            "lon": 37.91
          },
          {
            "name": "Ghana",
            "lat": 7.95,
            "lon": -1.02
          },
          {
            "name": "Mozambique",
            "lat": -18.66,
            "lon": 35.53
          },
          {
            "name": "South Africa",
            "lat": -30.56,
            "lon": 22.94
          },
          {
            "name": "Namibia",
            "lat": -22.56,
            "lon": 17.08
          },
          {
            "name": "Gabon",
            "lat": -0.8,
            "lon": 11.61
          },
          {
            "name": "Cameroon",
            "lat": 7.37,
            "lon": 12.35
          },
          {
            "name": "Ivory Coast",
            "lat": 7.54,
            "lon": -5.55
          },
          {
            "name": "Congo",
            "lat": -0.23,
            "lon": 15.83
          },
          {
            "name": "Equatorial Guinea",
            "lat": 1.65,
            "lon": 10.27
          },
          {
            "name": "Mauritania",
            "lat": 21.01,
            "lon": -10.94
          }
        ],
        "lat": -5.0,
        "lon": 20.0
      }
    }
  },
  "APAC": {
    "label": "Asia Pacific",
    "subregions": {
      "APAC": {
        "label": "Asia Pacific",
        "countries": [
          {
            "name": "China",
            "lat": 35.8617,
            "lon": 104.1954
          },
          {
            "name": "Thailand",
            "lat": 15.87,
            "lon": 100.9925
          },
          {
            "name": "Malaysia",
            "lat": 4.2105,
            "lon": 101.9758
          },
          {
            "name": "Indonesia",
            "lat": -0.7893,
            "lon": 113.9213
          },
          {
            "name": "Vietnam",
            "lat": 14.0583,
            "lon": 108.2772
          },
          {
            "name": "Japan",
            "lat": 36.2048,
            "lon": 138.2529
          },
          {
            "name": "South Korea",
            "lat": 35.9078,
            "lon": 127.7669
          },
          {
            "name": "Myanmar",
            "lat": 21.9162,
            "lon": 95.956
          },
          {
            "name": "Australia",
            "lat": -25.2744,
            "lon": 133.7751
          },
          {
            "name": "New Zealand",
            "lat": -40.9006,
            "lon": 174.886
          },
          {
            "name": "Papua New Guinea",
            "lat": -6.3149,
            "lon": 143.9555
          }
        ],
        "lat": 20.0,
        "lon": 100.0
      }
    }
  }
}