{
  "USA-GOM": "NAM",
  "USA-Land": "NAM",
  "USA": "NAM",
  "Canada": "NAM",
  "Mexico": "NAM",
  "Argentina": "LAM",
  "Brazil": "LAM",
  "Colombia": "LAM",
  "Venezuela": "LAM",
  "Ecuador": "LAM",
  "Trinidad": "LAM",
  "Trinidad & Tobago": "LAM",
  "Guyana": "LAM",
  "Suriname": "LAM",
  "Chile": "LAM",
  "Bolivia": "LAM",
  "Peru": "LAM",
  "Guatemala": "LAM",
  "Egypt": "North Africa",
  "Libya": "North Africa",
  "Algeria": "North Africa",
  "Tunisia": "North Africa",
  "Morocco": "North Africa",
  "Nigeria": "Sub-Saharan Africa",
  "Angola": "Sub-Saharan Africa",
  "Kenya": "Sub-Saharan Africa",
  "Ghana": "Sub-Saharan Africa",
  "Mozambique": "Sub-Saharan Africa",
  "South Africa": "Sub-Saharan Africa",
  "Namibia": "Sub-Saharan Africa",
  "Gabon": "Sub-Saharan Africa",
  "Cameroon": "Sub-Saharan Africa",
  "Ivory Coast": "Sub-Saharan Africa",
  "Congo": "Sub-Saharan Africa",
  "Equatorial Guinea": "Sub-Saharan Africa",
  "Mauritania": "Sub-Saharan Africa",
  "United Kingdom": "Europe",
  "Germany": "Europe",
  "France": "Europe",
  "Norway": "Europe",
  "Italy": "Europe",
  "Netherlands": "Europe",
  "Poland": "Europe",
  "Turkey": "Europe",
  "Switzerland": "Europe",
  "Albania": "Europe",
  "Romania": "Europe",
  "Cyprus": "Europe",
  "Russia": "Eurasia",
  "Kazakhstan": "Eurasia",
  "Azerbaijan": "Eurasia",
  "Turkmenistan": "Eurasia",
  "Uzbekistan": "Eurasia",
  "Saudi Arabia": "Middle East and India",
  "UAE": "Middle East and India",
  "Oman": "Middle East and India",
  "Kuwait": "Middle East and India",
  "Iraq": "Middle East and India",
  "Qatar": "Middle East and India",
  "India": "Middle East and India",
  "Pakistan": "Middle East and India",
  "Bahrain": "Middle East and India",
  "China": "Asia",
  "Thailand": "Asia",
  "Malaysia": "Asia",
  "Indonesia": "Asia",
  "Vietnam": "Asia",
  "Japan": "Asia",
  "South Korea": "Asia",
  "Myanmar": "Asia",
  "Australia": "Australia/NZ",
  "New Zealand": "Australia/NZ",
  "Papua New Guinea": "Australia/NZ",
  "Bahamas": "NAM",
  "Jamaica": "NAM",
  "Dominican Republic": "NAM",
  "Paraguay": "LAM",
  "Uruguay": "LAM",
  "Panama": "LAM",
  "Honduras": "LAM",
  "El Salvador": "LAM",
  "Nicaragua": "LAM",
  "Costa Rica": "LAM",
  "Western Sahara": "North Africa",
  "Tanzania": "Sub-Saharan Africa",
  "Zambia": "Sub-Saharan Africa",
  "Zimbabwe": "Sub-Saharan Africa",
  "Uganda": "Sub-Saharan Africa",
  "Botswana": "Sub-Saharan Africa",
  "Sudan": "Sub-Saharan Africa",
  "South Sudan": "Sub-Saharan Africa",
  "Benin": "Sub-Saharan Africa",
  "Togo": "Sub-Saharan Africa",
  "Senegal": "Sub-Saharan Africa",
  "Mali": "Sub-Saharan Africa",
  "Niger": "Sub-Saharan Africa",
  "Burkina Faso": "Sub-Saharan Africa",
  "Chad": "Sub-Saharan Africa",
  "Somalia": "Sub-Saharan Africa",
  "Ethiopia": "Sub-Saharan Africa",
  "Ireland": "Europe",
  "Spain": "Europe",
  "Sweden": "Europe",
  "Finland": "Europe",
  "Denmark": "Europe",
  "Greece": "Europe",
  "Austria": "Europe",
  "Belgium": "Europe",
  "Czech Republic": "Europe",
  "Slovakia": "Europe",
  "Hungary": "Europe",
  "Slovenia": "Europe",
  "Croatia": "Europe",
  "Serbia": "Europe",
  "Ukraine": "Europe",
  "Georgia": "Eurasia",
  "Armenia": "Eurasia",
  "Kyrgyzstan": "Eurasia",
  "Tajikistan": "Eurasia",
  "Belarus": "Eurasia",
  "Yemen": "Middle East and India",
  "Lebanon": "Middle East and India",
  "Syria": "Middle East and India",
  "Afghanistan": "Middle East and India",
  "Iran": "Middle East and India",
  "Palestine": "Middle East and India",
  "Jordan": "Middle East and India",
  "Philippines": "Asia",
  "Sri Lanka": "Asia",
  "Nepal": "Asia",
  "Bangladesh": "Asia",
  "Mongolia": "Asia",
  "Brunei": "Asia",
  "Laos": "Asia",
  "Cambodia": "Asia",
  "Fiji": "Australia/NZ",
  "Solomon Islands": "Australia/NZ",
  "Samoa": "Australia/NZ",
  "Tonga": "Australia/NZ"
}